"id","Date_Depart","Date_Arrive",
"1","1998-07-03","2022-08-04",
"2","2006-10-02","2011-10-06",
"3","2005-06-23","2018-10-02",
"4","2011-07-15","2019-06-25",
"5","2002-09-22","2018-01-25",
"6","1983-03-10","2002-09-25",
"7","1974-12-03","2017-11-25",
"8","1981-12-08","2016-01-21",
"9","1988-01-05","2001-11-07",
"10","1989-04-05","2018-08-19",
"11","2020-06-04","1973-01-11",
"12","1994-02-18","1997-02-27",
"13","1976-03-16","1977-01-04",
"14","2002-04-23","2002-01-26",
"15","1976-06-23","1995-09-14",
"16","2002-05-07","2021-05-28",
"17","2013-11-15","1996-06-13",
"18","2003-07-31","1986-04-06",
"19","1978-12-12","2004-06-20",
"20","1974-12-25","2004-12-28",
"21","1997-10-21","1993-09-23",
"22","2016-04-18","1986-06-07",
"23","1988-01-22","1974-10-13",
"24","1972-02-27","2009-02-02",
"25","1973-08-18","1992-01-15",
"26","2018-09-22","1994-05-02",
"27","1974-04-27","1991-11-18",
"28","1985-10-23","1983-04-13",
"29","1972-02-04","1999-03-05",
"30","1992-10-12","1976-09-30",
"31","1984-11-10","1986-06-12",
"32","1997-05-13","1981-01-27",
"33","1991-05-28","2010-03-25",
"34","2000-06-23","2020-03-06",
"35","2011-05-23","2008-07-13",
"36","2009-06-23","1986-03-18",
"37","2017-05-26","2013-05-21",
"38","1977-09-02","2013-02-14",
"39","1983-11-24","1986-12-03",
"40","1975-01-08","1984-11-18",
"41","2008-05-29","2018-04-10",
"42","2010-11-21","1971-10-23",
"43","2009-01-05","2016-02-17",
"44","1970-09-17","2008-01-13",
"45","2016-06-24","1970-04-19",
"46","2018-04-24","2019-12-16",
"47","1989-07-09","1978-02-02",
"48","2017-08-16","1982-10-22",
"49","2020-01-28","1981-11-29",
"50","1974-11-12","1980-04-08",
"51","2019-12-21","1982-10-04",
"52","2011-01-16","1973-10-05",
"53","1999-03-21","1996-10-30",
"54","1996-01-20","1983-04-30",
"55","1995-04-30","1980-09-27",
"56","2003-01-13","1986-08-18",
"57","2018-12-09","2001-03-25",
"58","2002-01-05","1999-02-19",
"59","1995-03-16","1999-08-08",
"60","1996-09-06","2003-03-02",
"61","2015-08-09","1992-08-06",
"62","1973-10-07","1996-07-31",
"63","1990-07-07","2004-04-11",
"64","2014-06-06","1994-01-21",
"65","2005-11-16","1972-02-03",
"66","1997-11-27","2013-04-16",
"67","1971-04-04","1973-04-27",
"68","1978-05-04","1981-08-06",
"69","1985-05-09","2004-11-02",
"70","2005-09-06","1975-09-16",
"71","2010-01-13","1979-04-28",
"72","1981-06-22","1989-06-11",
"73","1979-06-23","2012-08-14",
"74","1972-05-09","1999-11-28",
"75","2000-10-13","1991-08-12",
"76","2003-01-16","1977-06-03",
"77","2012-10-03","2005-05-05",
"78","2015-06-27","2001-05-13",
"79","1979-09-17","1995-02-06",
"80","2012-04-05","1981-06-24",
"81","1995-03-15","2011-10-28",
"82","1997-01-20","2009-07-11",
"83","1978-12-09","2004-02-11",
"84","2004-12-21","1993-04-26",
"85","1972-02-05","1972-10-31",
"86","1981-03-18","2013-01-30",
"87","2019-04-25","1995-09-04",
"88","1983-04-14","2010-01-22",
"89","1979-06-22","1985-07-25",
"90","2018-05-13","1976-08-13",
"91","2015-05-09","1970-02-27",
"92","2011-02-11","1990-05-29",
"93","2014-05-10","1981-05-06",
"94","1992-11-13","1987-02-18",
"95","1982-05-29","1993-09-17",
"96","2006-10-01","1976-08-21",
"97","1989-11-27","1974-06-14",
"98","2019-04-03","1992-07-23",
"99","1990-01-18","2015-12-11",
"100","1990-06-03","2017-02-11",
